<?xml version="1.0" encoding="UTF-8"?>
<project-private xmlns="http://www.netbeans.org/ns/project-private/1">
    <editor-bookmarks xmlns="http://www.netbeans.org/ns/editor-bookmarks/2" lastBookmarkId="0"/>
    <open-files xmlns="http://www.netbeans.org/ns/projectui-open-files/2">
        <group>
            <file>file:/E:/Project/Java/konversisuhu_kelXX/konversisuhu_kelXX-war/src/java/com/servlet/konversiServlet.java</file>
            <file>file:/E:/Project/Java/konversisuhu_kelXX/konversisuhu_kelXX-war/web/WEB-INF/web.xml</file>
            <file>file:/E:/Project/Java/konversisuhu_kelXX/konversisuhu_kelXX-war/src/conf/MANIFEST.MF</file>
        </group>
    </open-files>
</project-private>
